{"cameraMode":{"drawMode":0,"name":"Shaded","section":"Shading Mode"},"sceneLighting":false,"audioPlay":false,"sceneViewState":{"showFog":true,"showMaterialUpdate":false,"showSkybox":false,"showFlares":true,"showImageEffects":true,"showParticleSystems":true},"in2DMode":false,"pivot":{"x":-476.5799865722656,"y":21.364267349243165,"z":-16.32712173461914},"rotation":{"x":0.2084897756576538,"y":0.4665369689464569,"z":-0.11416938900947571,"w":0.8519639372825623},"size":6.139869689941406,"orthographic":false}