{"cameraMode":{"drawMode":0,"name":"Shaded","section":"Shading Mode"},"sceneLighting":true,"audioPlay":false,"sceneViewState":{"showFog":true,"showMaterialUpdate":false,"showSkybox":false,"showFlares":true,"showImageEffects":true,"showParticleSystems":true},"in2DMode":false,"pivot":{"x":-465.94000244140627,"y":45.05999755859375,"z":-29.279998779296876},"rotation":{"x":0.28406623005867007,"y":0.3290509879589081,"z":-0.10449795424938202,"w":0.8944907188415527},"size":60.62177658081055,"orthographic":false}